Total voltage (V),Total V error,Resistor Voltage (V),Resistor V error,LED voltage (V),LED V error,Current (A),Current error,Resistor load (Ohm)
1.004,0.0035777087639996667,0.022000000000000002,0.011099549540409287,0.982,0.011661903789690602,0.0001,5.0452497910951304e-05,220
1.01,0.0,0.01,0.004898979485566356,1.0,0.004898979485566356,4.545454545454546e-05,2.226808857075616e-05,220
1.016,0.002190890230020666,0.008,0.0033466401061363017,1.008,0.004,3.6363636363636364e-05,1.5212000482437735e-05,220
1.0219999999999998,0.004381780460041333,0.022,0.0130843417870369,0.9999999999999998,0.013798550648528272,9.999999999999999e-05,5.947428085016773e-05,220
1.0219999999999998,0.0017888543819998333,0.006,0.0021908902300206644,1.0159999999999998,0.002828427124746191,2.7272727272727273e-05,9.958591954639385e-06,220
1.018,0.006572670690061999,0.012,0.0017888543819998316,1.006,0.006811754546370566,5.4545454545454546e-05,8.131156281817417e-06,220
1.028,0.004381780460041332,0.016,0.005366563145999495,1.012,0.006928203230275511,7.272727272727273e-05,2.439346884545225e-05,220
1.0400000000000003,0.00489897948556636,0.012,0.0033466401061363017,1.0280000000000002,0.005932958789676534,5.4545454545454546e-05,1.5212000482437735e-05,220
1.034,0.002190890230020666,0.004,0.0021908902300206644,1.03,0.0030983866769659345,1.8181818181818182e-05,9.958591954639385e-06,220
1.038,0.0017888543819998333,0.01,0.00282842712474619,1.028,0.003346640106136303,4.545454545454546e-05,1.2856486930664501e-05,220
1.038,0.004381780460041332,0.013999999999999999,0.004560701700396551,1.024,0.0063245553203367605,6.363636363636363e-05,2.073046227452978e-05,220
1.046,0.002190890230020666,0.013999999999999999,0.003577708763999663,1.032,0.004195235392680607,6.363636363636363e-05,1.6262312563634833e-05,220
1.044,0.002190890230020666,0.006,0.002190890230020664,1.038,0.0030983866769659345,2.7272727272727273e-05,9.958591954639381e-06,220
1.052,0.0017888543819998333,0.002,0.0017888543819998316,1.05,0.0025298221281347044,9.090909090909091e-06,8.131156281817417e-06,220
1.054,0.0021908902300206666,0.008,0.0017888543819998316,1.046,0.0028284271247461914,3.6363636363636364e-05,8.131156281817417e-06,220
1.048,0.004381780460041332,0.008,0.0017888543819998316,1.04,0.004732863826479696,3.6363636363636364e-05,8.131156281817417e-06,220
1.052,0.007155417527999333,0.006,0.002190890230020664,1.046,0.0074833147735478885,2.7272727272727273e-05,9.958591954639381e-06,220
1.0580000000000003,0.0017888543819998333,0.008,0.0017888543819998316,1.0500000000000003,0.0025298221281347044,3.6363636363636364e-05,8.131156281817417e-06,220
1.066,0.0021908902300206666,0.01,0.00282842712474619,1.056,0.003577708763999665,4.545454545454546e-05,1.2856486930664501e-05,220
1.0700000000000003,0.0028284271247461922,0.008,0.0017888543819998316,1.0620000000000003,0.003346640106136304,3.6363636363636364e-05,8.131156281817417e-06,220
1.074,0.002190890230020666,0.019999999999999997,0.008944271909999158,1.054,0.00920869154657707,9.090909090909089e-05,4.0655781409087084e-05,220
1.062,0.005932958789676535,0.008,0.0017888543819998316,1.054,0.006196773353931872,3.6363636363636364e-05,8.131156281817417e-06,220
1.076,0.002190890230020666,0.01,0.00282842712474619,1.066,0.0035777087639996645,4.545454545454546e-05,1.2856486930664501e-05,220
1.082,0.0017888543819998333,0.008,0.0017888543819998316,1.074,0.0025298221281347044,3.6363636363636364e-05,8.131156281817417e-06,220
1.09,0.0,0.01,0.00282842712474619,1.08,0.00282842712474619,4.545454545454546e-05,1.2856486930664501e-05,220
1.086,0.002190890230020666,0.018000000000000002,0.011798304963002102,1.068,0.012000000000000002,8.181818181818183e-05,5.362865892273683e-05,220
1.0900000000000003,0.004898979485566361,0.006,0.002190890230020664,1.0840000000000003,0.005366563145999499,2.7272727272727273e-05,9.958591954639381e-06,220
1.098,0.003346640106136305,0.006,0.002190890230020664,1.092,0.004000000000000002,2.7272727272727273e-05,9.958591954639381e-06,220
1.102,0.0017888543819998333,0.008,0.0017888543819998316,1.094,0.0025298221281347044,3.6363636363636364e-05,8.131156281817417e-06,220
1.108,0.003346640106136305,0.006,0.002190890230020664,1.102,0.004000000000000002,2.7272727272727273e-05,9.958591954639381e-06,220
1.096,0.002190890230020666,0.01,0.0,1.086,0.002190890230020666,4.545454545454546e-05,0.0,220
1.118,0.007694153624668507,0.004,0.002190890230020664,1.114,0.00799999999999997,1.8181818181818182e-05,9.958591954639381e-06,220
1.11,0.0,0.006,0.003577708763999663,1.104,0.003577708763999663,2.7272727272727273e-05,1.6262312563634833e-05,220
1.116,0.0035777087639996667,0.006,0.0021908902300206644,1.11,0.004195235392680609,2.7272727272727273e-05,9.958591954639385e-06,220
1.118,0.0017888543819998333,0.008,0.0017888543819998316,1.11,0.0025298221281347044,3.6363636363636364e-05,8.131156281817417e-06,220
1.124,0.0021908902300206176,0.008,0.0017888543819998316,1.116,0.0028284271247461536,3.6363636363636364e-05,8.131156281817417e-06,220
1.122,0.0033466401061362622,0.012,0.0017888543819998316,1.11,0.0037947331922020197,5.4545454545454546e-05,8.131156281817417e-06,220
1.128,0.004381780460041296,0.023999999999999997,0.014859340496805366,1.1039999999999999,0.015491933384829657,0.00010909090909090908,6.754245680366076e-05,220
1.132,0.0017888543819998333,0.006,0.003577708763999663,1.126,0.004,2.7272727272727273e-05,1.6262312563634833e-05,220
1.1379999999999997,0.0017888543819998333,0.004,0.0021908902300206644,1.1339999999999997,0.002828427124746191,1.8181818181818182e-05,9.958591954639385e-06,220
1.1359999999999997,0.002190890230020666,0.008,0.0033466401061363017,1.1279999999999997,0.004,3.6363636363636364e-05,1.5212000482437735e-05,220
1.138,0.0017888543819998333,0.014000000000000002,0.006066300355241241,1.1239999999999999,0.00632455532033676,6.363636363636364e-05,2.7574092523823822e-05,220
1.1480000000000001,0.013084341787036878,0.008,0.0017888543819998316,1.1400000000000001,0.01320605921537532,3.6363636363636364e-05,8.131156281817417e-06,220
1.146,0.002190890230020666,0.002,0.0017888543819998316,1.144,0.0028284271247461914,9.090909090909091e-06,8.131156281817417e-06,220
1.142,0.004381780460041332,0.008,0.0017888543819998316,1.134,0.004732863826479696,3.6363636363636364e-05,8.131156281817417e-06,220
1.1480000000000001,0.006572670690061961,0.006,0.005366563145999495,1.1420000000000001,0.008485281374238545,2.7272727272727273e-05,2.439346884545225e-05,220
1.15,0.007483314773547854,0.012,0.0017888543819998316,1.138,0.007694153624668509,5.4545454545454546e-05,8.131156281817417e-06,220
1.158,0.004381780460041332,0.006,0.003577708763999663,1.152,0.005656854249492383,2.7272727272727273e-05,1.6262312563634833e-05,220
1.154,0.005366563145999499,0.01,0.00282842712474619,1.144,0.006066300355241244,4.545454545454546e-05,1.2856486930664501e-05,220
1.1620000000000001,0.003346640106136305,0.006,0.002190890230020664,1.1560000000000001,0.004000000000000002,2.7272727272727273e-05,9.958591954639381e-06,220
1.17,0.0028284271247461922,0.006,0.002190890230020664,1.164,0.003577708763999665,2.7272727272727273e-05,9.958591954639381e-06,220
1.1759999999999997,0.0035777087639996667,0.004,0.002190890230020664,1.1719999999999997,0.004195235392680609,1.8181818181818182e-05,9.958591954639381e-06,220
1.174,0.002190890230020666,0.008,0.0033466401061363017,1.166,0.004,3.6363636363636364e-05,1.5212000482437735e-05,220
1.1779999999999997,0.0017888543819998333,0.006,0.003577708763999663,1.1719999999999997,0.004,2.7272727272727273e-05,1.6262312563634833e-05,220
1.182,0.0017888543819998333,0.004,0.0021908902300206644,1.178,0.002828427124746191,1.8181818181818182e-05,9.958591954639385e-06,220
1.1839999999999997,0.002190890230020666,0.008,0.0033466401061363017,1.1759999999999997,0.004,3.6363636363636364e-05,1.5212000482437735e-05,220
1.1919999999999997,0.0017888543819998333,0.01,0.0,1.1819999999999997,0.0017888543819998333,4.545454545454546e-05,0.0,220
1.1800000000000002,0.006928203230275515,0.012,0.005215361924162118,1.1680000000000001,0.008671793355471524,5.4545454545454546e-05,2.3706190564373265e-05,220
1.188,0.004381780460041332,0.008,0.0033466401061363017,1.18,0.005513619500836091,3.6363636363636364e-05,1.5212000482437735e-05,220
1.2,0.0,0.006,0.002190890230020664,1.194,0.002190890230020664,2.7272727272727273e-05,9.958591954639381e-06,220
1.198,0.008671793355471526,0.006,0.002190890230020664,1.192,0.008944271909999165,2.7272727272727273e-05,9.958591954639381e-06,220
1.208,0.007155417527999333,0.008,0.0017888543819998316,1.2,0.007375635565834316,3.6363636363636364e-05,8.131156281817417e-06,220
1.206,0.0035777087639996667,0.006,0.0021908902300206644,1.2,0.004195235392680609,2.7272727272727273e-05,9.958591954639385e-06,220
1.208,0.0052153619241621235,0.006,0.002190890230020664,1.202,0.0056568542494923844,2.7272727272727273e-05,9.958591954639381e-06,220
1.2099999999999997,0.00489897948556636,0.006,0.002190890230020664,1.2039999999999997,0.0053665631459994985,2.7272727272727273e-05,9.958591954639381e-06,220
1.2159999999999997,0.002190890230020666,0.01,0.0,1.2059999999999997,0.002190890230020666,4.545454545454546e-05,0.0,220
1.2260000000000002,0.002190890230020666,0.008,0.0017888543819998316,1.2180000000000002,0.0028284271247461914,3.6363636363636364e-05,8.131156281817417e-06,220
1.2280000000000002,0.0017888543819998333,0.006,0.002190890230020664,1.2220000000000002,0.002828427124746191,2.7272727272727273e-05,9.958591954639381e-06,220
1.234,0.006066300355241246,0.008,0.0017888543819998316,1.226,0.006324555320336764,3.6363636363636364e-05,8.131156281817417e-06,220
1.234,0.0035777087639996667,0.012,0.004381780460041328,1.222,0.005656854249492382,5.4545454545454546e-05,1.9917183909278762e-05,220
1.236,0.0060663003552412454,0.006,0.002190890230020664,1.23,0.006449806198638845,2.7272727272727273e-05,9.958591954639381e-06,220
1.238,0.004381780460041332,0.006,0.002190890230020664,1.232,0.004898979485566359,2.7272727272727273e-05,9.958591954639381e-06,220
1.24,0.0,0.006,0.002190890230020664,1.234,0.002190890230020664,2.7272727272727273e-05,9.958591954639381e-06,220
1.242,0.003346640106136305,0.006,0.0021908902300206644,1.236,0.004000000000000003,2.7272727272727273e-05,9.958591954639385e-06,220
1.258,0.007155417527999333,0.008,0.0033466401061363017,1.25,0.007899367063252605,3.6363636363636364e-05,1.5212000482437735e-05,220
1.252,0.004381780460041332,0.01,0.00282842712474619,1.242,0.005215361924162122,4.545454545454546e-05,1.2856486930664501e-05,220
1.248,0.0017888543819998333,0.008,0.0017888543819998316,1.24,0.0025298221281347044,3.6363636363636364e-05,8.131156281817417e-06,220
1.254,0.002190890230020666,0.01,0.00282842712474619,1.244,0.0035777087639996645,4.545454545454546e-05,1.2856486930664501e-05,220
1.27,0.008944271909999166,0.022,0.010733126291998992,1.248,0.01397139935725839,9.999999999999999e-05,4.878693769090451e-05,220
1.262,0.0017888543819998333,0.022000000000000002,0.011099549540409287,1.24,0.011242775458044156,0.0001,5.0452497910951304e-05,220
1.264,0.002190890230020666,0.006,0.002190890230020664,1.258,0.0030983866769659345,2.7272727272727273e-05,9.958591954639381e-06,220
1.27,0.0,0.008,0.0033466401061363017,1.262,0.0033466401061363017,3.6363636363636364e-05,1.5212000482437735e-05,220
1.27,0.0,0.008,0.0017888543819998316,1.262,0.0017888543819998316,3.6363636363636364e-05,8.131156281817417e-06,220
1.278,0.0017888543819998333,0.014000000000000002,0.004560701700396551,1.264,0.004898979485566356,6.363636363636364e-05,2.073046227452978e-05,220
1.276,0.0035777087639996667,0.013999999999999999,0.002190890230020664,1.262,0.004195235392680609,6.363636363636363e-05,9.958591954639381e-06,220
1.286,0.005366563145999499,0.01,0.00282842712474619,1.276,0.006066300355241244,4.545454545454546e-05,1.2856486930664501e-05,220
1.28,0.00489897948556636,0.01,0.0,1.27,0.00489897948556636,4.545454545454546e-05,0.0,220
1.288,0.004381780460041332,0.01,0.0,1.278,0.004381780460041332,4.545454545454546e-05,0.0,220
1.276,0.00669328021227261,0.008,0.0017888543819998316,1.268,0.006928203230275515,3.6363636363636364e-05,8.131156281817417e-06,220
1.298,0.0017888543819998333,0.008,0.0017888543819998316,1.29,0.0025298221281347044,3.6363636363636364e-05,8.131156281817417e-06,220
1.3,0.0,0.01,0.0,1.29,0.0,4.545454545454546e-05,0.0,220
1.3060000000000003,0.002190890230020666,0.014000000000000002,0.008294576541331089,1.2920000000000003,0.008579044235810887,6.363636363636364e-05,3.770262064241404e-05,220
1.308,0.0017888543819998333,0.012,0.0033466401061363017,1.296,0.0037947331922020553,5.4545454545454546e-05,1.5212000482437735e-05,220
1.31,0.0,0.012,0.006572670690061994,1.298,0.006572670690061994,5.4545454545454546e-05,2.9875775863918154e-05,220
1.3080000000000003,0.003346640106136305,0.006,0.002190890230020664,1.3020000000000003,0.004000000000000002,2.7272727272727273e-05,9.958591954639381e-06,220
1.3160000000000003,0.0035777087639996667,0.008,0.0017888543819998316,1.3080000000000003,0.004000000000000003,3.6363636363636364e-05,8.131156281817417e-06,220
1.328,0.007155417527999333,0.01,0.00282842712474619,1.318,0.007694153624668544,4.545454545454546e-05,1.2856486930664501e-05,220
1.32,0.0,0.008,0.004381780460041328,1.312,0.004381780460041328,3.6363636363636364e-05,1.9917183909278762e-05,220
1.326,0.0035777087639996667,0.01,0.00282842712474619,1.316,0.0045607017003965545,4.545454545454546e-05,1.2856486930664501e-05,220
1.33,0.0,0.01,0.00282842712474619,1.32,0.00282842712474619,4.545454545454546e-05,1.2856486930664501e-05,220
1.334,0.0021908902300206666,0.016,0.007797435475847171,1.318,0.008099382692526635,7.272727272727273e-05,3.544288852657805e-05,220
1.3399999999999999,0.0028284271247461922,0.008,0.007155417527999326,1.3319999999999999,0.007694153624668538,3.6363636363636364e-05,3.252462512726967e-05,220
1.3359999999999999,0.002190890230020666,0.008,0.0017888543819998316,1.3279999999999998,0.0028284271247461914,3.6363636363636364e-05,8.131156281817417e-06,220
1.344,0.0035777087639996667,0.01,0.0,1.334,0.0035777087639996667,4.545454545454546e-05,0.0,220
1.344,0.0035777087639996667,0.008,0.0017888543819998316,1.336,0.004000000000000003,3.6363636363636364e-05,8.131156281817417e-06,220
1.348,0.0017888543819998333,0.008,0.0017888543819998316,1.34,0.0025298221281347044,3.6363636363636364e-05,8.131156281817417e-06,220
1.3599999999999999,0.006928203230275477,0.006,0.002190890230020664,1.3539999999999999,0.007266360849833949,2.7272727272727273e-05,9.958591954639381e-06,220
1.3519999999999999,0.0017888543819998333,0.0,0.0,1.3519999999999999,0.0017888543819998333,0.0,0.0,220
1.3540000000000003,0.005366563145999499,0.008,0.0017888543819998316,1.3460000000000003,0.005656854249492384,3.6363636363636364e-05,8.131156281817417e-06,220
1.36,0.0,0.01,0.00282842712474619,1.35,0.00282842712474619,4.545454545454546e-05,1.2856486930664501e-05,220
1.36,0.0,0.012,0.0017888543819998316,1.348,0.0017888543819998316,5.4545454545454546e-05,8.131156281817417e-06,220
1.362,0.0052153619241621235,0.012,0.0017888543819998316,1.35,0.005513619500836093,5.4545454545454546e-05,8.131156281817417e-06,220
1.3780000000000001,0.009549869109050627,0.016,0.007797435475847171,1.362,0.012328828005937929,7.272727272727273e-05,3.544288852657805e-05,220
1.376,0.0021908902300206176,0.006,0.0021908902300206644,1.3699999999999999,0.0030983866769659003,2.7272727272727273e-05,9.958591954639385e-06,220
1.38,0.0048989794855663245,0.008,0.0017888543819998316,1.3719999999999999,0.005215361924162089,3.6363636363636364e-05,8.131156281817417e-06,220
1.386,0.006066300355241222,0.01,0.00282842712474619,1.376,0.006693280212272588,4.545454545454546e-05,1.2856486930664501e-05,220
1.384,0.002190890230020666,0.022,0.010733126291998992,1.3619999999999999,0.010954451150103324,9.999999999999999e-05,4.878693769090451e-05,220
1.392,0.0071554175279993065,0.006,0.002190890230020664,1.386,0.007483314773547863,2.7272727272727273e-05,9.958591954639381e-06,220
1.388,0.0017888543819998333,0.017999999999999995,0.009549869109050656,1.3699999999999999,0.009715966241192895,8.18181818181818e-05,4.3408495950230253e-05,220
1.3939999999999997,0.0035777087639996667,0.017999999999999995,0.009549869109050656,1.3759999999999997,0.01019803902718557,8.18181818181818e-05,4.3408495950230253e-05,220
1.392,0.005215361924162086,0.006,0.002190890230020664,1.386,0.00565685424949235,2.7272727272727273e-05,9.958591954639381e-06,220
1.396,0.002190890230020666,0.008,0.0033466401061363017,1.388,0.004,3.6363636363636364e-05,1.5212000482437735e-05,220
1.404,0.002190890230020666,0.002,0.0017888543819998316,1.402,0.0028284271247461914,9.090909090909091e-06,8.131156281817417e-06,220
1.404,0.007266360849833986,0.008,0.0017888543819998316,1.396,0.0074833147735478885,3.6363636363636364e-05,8.131156281817417e-06,220
1.406,0.002190890230020666,0.015999999999999997,0.0035777087639996628,1.39,0.004195235392680606,7.272727272727271e-05,1.626231256363483e-05,220
1.416,0.0021908902300206666,0.01,0.00282842712474619,1.406,0.003577708763999665,4.545454545454546e-05,1.2856486930664501e-05,220
1.418,0.004381780460041332,0.008,0.0033466401061363017,1.41,0.005513619500836091,3.6363636363636364e-05,1.5212000482437735e-05,220
1.428,0.009549869109050665,0.01,0.004,1.418,0.010353743284435835,4.545454545454546e-05,1.8181818181818182e-05,220
1.418,0.004381780460041332,0.01,0.0,1.408,0.004381780460041332,4.545454545454546e-05,0.0,220
1.43,0.0,0.006,0.0021908902300206644,1.424,0.0021908902300206644,2.7272727272727273e-05,9.958591954639385e-06,220
1.43,0.0,0.004,0.0021908902300206644,1.426,0.0021908902300206644,1.8181818181818182e-05,9.958591954639385e-06,220
1.4419999999999997,0.004381780460041333,0.004,0.0021908902300206644,1.4379999999999997,0.00489897948556636,1.8181818181818182e-05,9.958591954639385e-06,220
1.44,0.0,0.004,0.003577708763999663,1.436,0.003577708763999663,1.8181818181818182e-05,1.6262312563634833e-05,220
1.436,0.0035777087639996667,0.006,0.0021908902300206644,1.43,0.004195235392680609,2.7272727272727273e-05,9.958591954639385e-06,220
1.438,0.006572670690061999,0.006,0.002190890230020664,1.432,0.006928203230275514,2.7272727272727273e-05,9.958591954639381e-06,220
1.4439999999999997,0.002190890230020666,0.008,0.0017888543819998316,1.4359999999999997,0.0028284271247461914,3.6363636363636364e-05,8.131156281817417e-06,220
1.45,0.0,0.004,0.0021908902300206644,1.446,0.0021908902300206644,1.8181818181818182e-05,9.958591954639385e-06,220
1.4520000000000002,0.0017888543819998333,0.008,0.0017888543819998316,1.4440000000000002,0.0025298221281347044,3.6363636363636364e-05,8.131156281817417e-06,220
1.4620000000000002,0.004381780460041333,0.008,0.0033466401061363017,1.4540000000000002,0.005513619500836092,3.6363636363636364e-05,1.5212000482437735e-05,220
1.468,0.009549869109050665,0.006,0.003577708763999663,1.462,0.010198039027185577,2.7272727272727273e-05,1.6262312563634833e-05,220
1.456,0.0021908902300206666,0.006,0.002190890230020664,1.45,0.0030983866769659345,2.7272727272727273e-05,9.958591954639381e-06,220
1.466,0.004560701700396556,0.02,0.013564659966250536,1.446,0.014310835055998656,9.090909090909092e-05,6.16575453011388e-05,220
1.4620000000000002,0.006572670690061999,0.01,0.00282842712474619,1.4520000000000002,0.0071554175279993325,4.545454545454546e-05,1.2856486930664501e-05,220
1.472,0.0017888543819998333,0.006,0.002190890230020664,1.466,0.002828427124746191,2.7272727272727273e-05,9.958591954639381e-06,220
1.4739999999999998,0.0035777087639996667,0.004,0.0021908902300206644,1.4699999999999998,0.004195235392680609,1.8181818181818182e-05,9.958591954639385e-06,220
1.4880000000000002,0.009549869109050665,0.01,0.00282842712474619,1.4780000000000002,0.009959919678390994,4.545454545454546e-05,1.2856486930664501e-05,220
1.484,0.002190890230020666,0.004,0.002190890230020664,1.48,0.0030983866769659345,1.8181818181818182e-05,9.958591954639381e-06,220
1.486,0.0021908902300206666,0.004,0.0021908902300206644,1.482,0.003098386676965935,1.8181818181818182e-05,9.958591954639385e-06,220
1.496,0.007797435475847179,0.01,0.00282842712474619,1.486,0.008294576541331096,4.545454545454546e-05,1.2856486930664501e-05,220
1.486,0.0060663003552412454,0.008,0.0017888543819998316,1.478,0.006324555320336763,3.6363636363636364e-05,8.131156281817417e-06,220
1.5020000000000002,0.007155417527999333,0.012,0.0017888543819998316,1.4900000000000002,0.007375635565834316,5.4545454545454546e-05,8.131156281817417e-06,220
1.496,0.002190890230020666,0.008,0.0017888543819998316,1.488,0.0028284271247461914,3.6363636363636364e-05,8.131156281817417e-06,220
1.4940000000000002,0.0035777087639996667,0.004,0.0021908902300206644,1.4900000000000002,0.004195235392680609,1.8181818181818182e-05,9.958591954639385e-06,220
1.502,0.003346640106136305,0.008,0.0017888543819998316,1.494,0.003794733192202058,3.6363636363636364e-05,8.131156281817417e-06,220
1.504,0.0021908902300206666,0.01,0.00282842712474619,1.494,0.003577708763999665,4.545454545454546e-05,1.2856486930664501e-05,220
1.514,0.002190890230020666,0.008,0.0033466401061363017,1.506,0.004,3.6363636363636364e-05,1.5212000482437735e-05,220
1.514,0.002190890230020666,0.01,0.0,1.504,0.002190890230020666,4.545454545454546e-05,0.0,220
1.518,0.0017888543819998333,0.006,0.002190890230020664,1.512,0.002828427124746191,2.7272727272727273e-05,9.958591954639381e-06,220
1.516,0.0035777087639996667,0.02,0.0069282032302755096,1.496,0.0077974354758471726,9.090909090909092e-05,3.149183286488868e-05,220
1.5219999999999998,0.0017888543819998333,0.008,0.0017888543819998316,1.5139999999999998,0.0025298221281347044,3.6363636363636364e-05,8.131156281817417e-06,220
1.532,0.004381780460041332,0.008,0.005215361924162118,1.524,0.006811754546370562,3.6363636363636364e-05,2.3706190564373265e-05,220
1.528,0.004381780460041332,0.01,0.00282842712474619,1.518,0.005215361924162122,4.545454545454546e-05,1.2856486930664501e-05,220
1.532,0.003346640106136305,0.012,0.0017888543819998316,1.52,0.003794733192202058,5.4545454545454546e-05,8.131156281817417e-06,220
1.538,0.003346640106136305,0.006,0.003577708763999663,1.532,0.004898979485566358,2.7272727272727273e-05,1.6262312563634833e-05,220
1.54,0.0,0.006,0.0021908902300206644,1.534,0.0021908902300206644,2.7272727272727273e-05,9.958591954639385e-06,220
1.56,0.008944271909999166,0.012,0.0017888543819998316,1.548,0.00912140340079311,5.4545454545454546e-05,8.131156281817417e-06,220
1.548,0.0017888543819998333,0.004,0.002190890230020664,1.544,0.002828427124746191,1.8181818181818182e-05,9.958591954639381e-06,220
1.5459999999999998,0.0035777087639996667,0.006,0.0021908902300206644,1.5399999999999998,0.004195235392680609,2.7272727272727273e-05,9.958591954639385e-06,220
1.55,0.0,0.024,0.014859340496805366,1.526,0.014859340496805366,0.00010909090909090909,6.754245680366076e-05,220
1.5560000000000003,0.003577708763999667,0.006,0.002190890230020664,1.5500000000000003,0.004195235392680609,2.7272727272727273e-05,9.958591954639381e-06,220
1.5580000000000003,0.0017888543819998333,0.008,0.0033466401061363017,1.5500000000000003,0.0037947331922020553,3.6363636363636364e-05,1.5212000482437735e-05,220
1.5580000000000003,0.005932958789676535,0.006,0.002190890230020664,1.5520000000000003,0.006324555320336764,2.7272727272727273e-05,9.958591954639381e-06,220
1.566,0.002190890230020666,0.01,0.00282842712474619,1.556,0.0035777087639996645,4.545454545454546e-05,1.2856486930664501e-05,220
1.568,0.0017888543819998333,0.006,0.0021908902300206644,1.562,0.002828427124746191,2.7272727272727273e-05,9.958591954639385e-06,220
1.5720000000000003,0.0017888543819998333,0.004,0.002190890230020664,1.5680000000000003,0.002828427124746191,1.8181818181818182e-05,9.958591954639381e-06,220
1.5740000000000003,0.002190890230020666,0.004,0.002190890230020664,1.5700000000000003,0.0030983866769659345,1.8181818181818182e-05,9.958591954639381e-06,220
1.576,0.0035777087639996667,0.004,0.002190890230020664,1.572,0.004195235392680609,1.8181818181818182e-05,9.958591954639381e-06,220
1.576,0.0035777087639996667,0.012,0.004381780460041328,1.564,0.005656854249492382,5.4545454545454546e-05,1.9917183909278762e-05,220
1.582,0.0017888543819998333,0.014000000000000002,0.008294576541331089,1.568,0.008485281374238571,6.363636363636364e-05,3.770262064241404e-05,220
1.586,0.0035777087639996667,0.006,0.0021908902300206644,1.58,0.004195235392680609,2.7272727272727273e-05,9.958591954639385e-06,220
1.588,0.004381780460041332,0.004,0.002190890230020664,1.584,0.004898979485566359,1.8181818181818182e-05,9.958591954639381e-06,220
1.5879999999999999,0.0017888543819998333,0.004,0.002190890230020664,1.5839999999999999,0.002828427124746191,1.8181818181818182e-05,9.958591954639381e-06,220
1.6019999999999999,0.0017888543819998333,0.006,0.002190890230020664,1.5959999999999999,0.002828427124746191,2.7272727272727273e-05,9.958591954639381e-06,220
1.6019999999999999,0.0017888543819998333,0.01,0.00282842712474619,1.5919999999999999,0.003346640106136303,4.545454545454546e-05,1.2856486930664501e-05,220
1.6040000000000003,0.0035777087639996667,0.019999999999999997,0.01131370849898476,1.5840000000000003,0.01186591757935306,9.090909090909089e-05,5.1425947722658004e-05,220
1.61,0.0028284271247461922,0.004,0.003577708763999663,1.606,0.004560701700396553,1.8181818181818182e-05,1.6262312563634833e-05,220
1.61,0.00489897948556636,0.012,0.0017888543819998316,1.598,0.005215361924162123,5.4545454545454546e-05,8.131156281817417e-06,220
1.61,0.006928203230275516,0.004,0.002190890230020664,1.606,0.0072663608498339865,1.8181818181818182e-05,9.958591954639381e-06,220
1.6219999999999999,0.004381780460041296,0.006,0.0021908902300206644,1.6159999999999999,0.004898979485566326,2.7272727272727273e-05,9.958591954639385e-06,220
1.626,0.006066300355241205,0.004,0.002190890230020664,1.6219999999999999,0.006449806198638806,1.8181818181818182e-05,9.958591954639381e-06,220
1.6200000000000003,9.930136612989092e-17,0.018,0.007694153624668538,1.6020000000000003,0.007694153624668538,8.181818181818182e-05,3.4973425566675174e-05,220
1.6280000000000001,0.0017888543819997937,0.008,0.0017888543819998316,1.62,0.002529822128134676,3.6363636363636364e-05,8.131156281817417e-06,220
1.6320000000000001,0.003346640106136273,0.004,0.0021908902300206644,1.6280000000000001,0.003999999999999976,1.8181818181818182e-05,9.958591954639385e-06,220
1.636,0.002190890230020666,0.008,0.0017888543819998316,1.628,0.0028284271247461914,3.6363636363636364e-05,8.131156281817417e-06,220
1.636,0.002190890230020666,0.014000000000000002,0.0035777087639996628,1.6219999999999999,0.004195235392680606,6.363636363636364e-05,1.626231256363483e-05,220
1.642,0.0017888543819998333,0.012,0.005215361924162118,1.63,0.005513619500836089,5.4545454545454546e-05,2.3706190564373265e-05,220
1.6439999999999997,0.0021908902300206666,0.014000000000000002,0.004560701700396551,1.6299999999999997,0.005059644256269407,6.363636363636364e-05,2.073046227452978e-05,220
1.65,0.0,0.004,0.002190890230020664,1.646,0.002190890230020664,1.8181818181818182e-05,9.958591954639381e-06,220
1.656,0.007797435475847179,0.006,0.002190890230020664,1.65,0.008099382692526642,2.7272727272727273e-05,9.958591954639381e-06,220
1.6479999999999997,0.0017888543819998333,0.006,0.002190890230020664,1.6419999999999997,0.002828427124746191,2.7272727272727273e-05,9.958591954639381e-06,220
1.654,0.0035777087639996667,0.01,0.004,1.644,0.005366563145999498,4.545454545454546e-05,1.8181818181818182e-05,220
1.6480000000000001,0.008671793355471488,0.008,0.005215361924162118,1.6400000000000001,0.010119288512538786,3.6363636363636364e-05,2.3706190564373265e-05,220
1.6640000000000001,0.008763560920082666,0.004,0.002190890230020664,1.6600000000000001,0.009033271832508979,1.8181818181818182e-05,9.958591954639381e-06,220
1.6619999999999997,0.003346640106136305,0.006,0.002190890230020664,1.6559999999999997,0.004000000000000002,2.7272727272727273e-05,9.958591954639381e-06,220
1.668,0.0017888543819998333,0.004,0.002190890230020664,1.664,0.002828427124746191,1.8181818181818182e-05,9.958591954639381e-06,220
1.674,0.0021908902300206666,0.008,0.0017888543819998316,1.666,0.0028284271247461914,3.6363636363636364e-05,8.131156281817417e-06,220
1.6620000000000001,0.006572670690061999,0.008,0.0033466401061363017,1.6540000000000001,0.0073756355658343145,3.6363636363636364e-05,1.5212000482437735e-05,220
1.6759999999999997,0.002190890230020666,0.006,0.002190890230020664,1.6699999999999997,0.0030983866769659345,2.7272727272727273e-05,9.958591954639381e-06,220
1.682,0.0017888543819998333,0.01,0.0,1.672,0.0017888543819998333,4.545454545454546e-05,0.0,220
1.6759999999999997,0.004560701700396556,0.006,0.002190890230020664,1.6699999999999997,0.0050596442562694105,2.7272727272727273e-05,9.958591954639381e-06,220
1.686,0.002190890230020666,0.004,0.002190890230020664,1.682,0.0030983866769659345,1.8181818181818182e-05,9.958591954639381e-06,220
1.69,0.0,0.004,0.0021908902300206644,1.686,0.0021908902300206644,1.8181818181818182e-05,9.958591954639385e-06,220
1.688,0.0017888543819998333,0.006,0.002190890230020664,1.682,0.002828427124746191,2.7272727272727273e-05,9.958591954639381e-06,220
1.6819999999999997,0.008197560612767685,0.008,0.0017888543819998316,1.6739999999999997,0.008390470785361218,3.6363636363636364e-05,8.131156281817417e-06,220
1.6959999999999997,0.002190890230020666,0.006,0.002190890230020664,1.6899999999999997,0.0030983866769659345,2.7272727272727273e-05,9.958591954639381e-06,220
1.706,0.002190890230020666,0.008,0.0017888543819998316,1.698,0.0028284271247461914,3.6363636363636364e-05,8.131156281817417e-06,220
1.7079999999999997,0.0017888543819998333,0.012,0.0017888543819998316,1.6959999999999997,0.0025298221281347044,5.4545454545454546e-05,8.131156281817417e-06,220
1.7100000000000002,9.930136612989092e-17,0.01,0.0,1.7000000000000002,9.930136612989092e-17,4.545454545454546e-05,0.0,220
1.714,0.0021908902300206666,0.012,0.0017888543819998316,1.702,0.0028284271247461914,5.4545454545454546e-05,8.131156281817417e-06,220
1.7239999999999998,0.0060663003552412454,0.012,0.0017888543819998316,1.7119999999999997,0.006324555320336763,5.4545454545454546e-05,8.131156281817417e-06,220
1.718,0.0017888543819998333,0.006,0.0021908902300206644,1.712,0.002828427124746191,2.7272727272727273e-05,9.958591954639385e-06,220
1.7120000000000002,0.007155417527999333,0.004,0.002190890230020664,1.7080000000000002,0.0074833147735478885,1.8181818181818182e-05,9.958591954639381e-06,220
1.73,0.0028284271247461922,0.012,0.006572670690061993,1.718,0.007155417527999327,5.4545454545454546e-05,2.987577586391815e-05,220
1.7259999999999998,0.002190890230020666,0.004,0.002190890230020664,1.7219999999999998,0.0030983866769659345,1.8181818181818182e-05,9.958591954639381e-06,220
1.732,0.0017888543819998333,0.012,0.0033466401061363017,1.72,0.0037947331922020553,5.4545454545454546e-05,1.5212000482437735e-05,220
1.7399999999999998,9.930136612989092e-17,0.004,0.002190890230020664,1.7359999999999998,0.002190890230020664,1.8181818181818182e-05,9.958591954639381e-06,220
1.732,0.0052153619241621235,0.008,0.0017888543819998316,1.724,0.005513619500836093,3.6363636363636364e-05,8.131156281817417e-06,220
1.7440000000000002,0.002190890230020666,0.006,0.0021908902300206644,1.7380000000000002,0.0030983866769659345,2.7272727272727273e-05,9.958591954639385e-06,220
1.7420000000000002,0.003346640106136305,0.006,0.0021908902300206644,1.7360000000000002,0.004000000000000003,2.7272727272727273e-05,9.958591954639385e-06,220
1.752,0.0017888543819998333,0.008,0.0033466401061363017,1.744,0.0037947331922020553,3.6363636363636364e-05,1.5212000482437735e-05,220
1.752,0.006572670690061999,0.01,0.0,1.742,0.006572670690061999,4.545454545454546e-05,0.0,220
1.754,0.0035777087639996667,0.01,0.0,1.744,0.0035777087639996667,4.545454545454546e-05,0.0,220
1.75,0.00489897948556636,0.008,0.0017888543819998316,1.742,0.005215361924162123,3.6363636363636364e-05,8.131156281817417e-06,220
1.766,0.010039920318408915,0.015999999999999997,0.010039920318408906,1.75,0.014198591479439084,7.272727272727271e-05,4.563600144731321e-05,220
1.7579999999999998,0.006572670690061999,0.01,0.0,1.7479999999999998,0.006572670690061999,4.545454545454546e-05,0.0,220
1.77,0.007483314773547889,0.01,0.00282842712474619,1.76,0.008000000000000007,4.545454545454546e-05,1.2856486930664501e-05,220
1.766,0.0035777087639996667,0.008,0.0033466401061363017,1.758,0.004898979485566358,3.6363636363636364e-05,1.5212000482437735e-05,220
1.766,0.009208691546577077,0.002,0.0017888543819998316,1.764,0.009380831519646865,9.090909090909091e-06,8.131156281817417e-06,220
1.7760000000000002,0.002190890230020666,0.01,0.00282842712474619,1.7660000000000002,0.0035777087639996645,4.545454545454546e-05,1.2856486930664501e-05,220
1.782,0.0017888543819998333,0.004,0.002190890230020664,1.778,0.002828427124746191,1.8181818181818182e-05,9.958591954639381e-06,220
1.784,0.0021908902300206666,0.016,0.00606630035524124,1.768,0.00644980619863884,7.272727272727273e-05,2.757409252382382e-05,220
1.7880000000000003,0.0017888543819998333,0.008,0.0017888543819998316,1.7800000000000002,0.0025298221281347044,3.6363636363636364e-05,8.131156281817417e-06,220
1.7880000000000003,0.0017888543819998333,0.01,0.00282842712474619,1.7780000000000002,0.003346640106136303,4.545454545454546e-05,1.2856486930664501e-05,220
1.7899999999999998,0.0028284271247461922,0.008,0.0017888543819998316,1.7819999999999998,0.003346640106136304,3.6363636363636364e-05,8.131156281817417e-06,220
1.798,0.0017888543819998333,0.008,0.0033466401061363017,1.79,0.0037947331922020553,3.6363636363636364e-05,1.5212000482437735e-05,220
1.8080000000000003,0.005215361924162124,0.01,0.00282842712474619,1.7980000000000003,0.005932958789676535,4.545454545454546e-05,1.2856486930664501e-05,220
1.798,0.0017888543819998333,0.012,0.0033466401061363017,1.786,0.0037947331922020553,5.4545454545454546e-05,1.5212000482437735e-05,220
1.8039999999999998,0.0021908902300206666,0.012,0.0017888543819998316,1.7919999999999998,0.0028284271247461914,5.4545454545454546e-05,8.131156281817417e-06,220
1.81,0.00489897948556636,0.02,0.011313708498984762,1.79,0.012328828005937957,9.090909090909092e-05,5.142594772265801e-05,220
1.812,0.0017888543819998333,0.01,0.00282842712474619,1.802,0.003346640106136303,4.545454545454546e-05,1.2856486930664501e-05,220
1.814,0.0021908902300206666,0.004,0.0021908902300206644,1.81,0.003098386676965935,1.8181818181818182e-05,9.958591954639385e-06,220
1.832,0.008671793355471528,0.006,0.002190890230020664,1.826,0.008944271909999166,2.7272727272727273e-05,9.958591954639381e-06,220
1.8240000000000003,0.002190890230020666,0.014000000000000002,0.0035777087639996628,1.8100000000000003,0.004195235392680606,6.363636363636364e-05,1.626231256363483e-05,220
1.826,0.002190890230020666,0.012,0.0017888543819998316,1.814,0.0028284271247461914,5.4545454545454546e-05,8.131156281817417e-06,220
1.828,0.0017888543819998333,0.01,0.00282842712474619,1.818,0.003346640106136303,4.545454545454546e-05,1.2856486930664501e-05,220
1.8359999999999999,0.002190890230020666,0.024,0.014859340496805366,1.8119999999999998,0.01501998668441487,0.00010909090909090909,6.754245680366076e-05,220
1.8359999999999999,0.002190890230020666,0.01,0.00282842712474619,1.8259999999999998,0.0035777087639996645,4.545454545454546e-05,1.2856486930664501e-05,220
1.832,0.007155417527999333,0.012,0.0017888543819998316,1.82,0.007375635565834316,5.4545454545454546e-05,8.131156281817417e-06,220
1.844,0.0021908902300206666,0.014000000000000002,0.008294576541331089,1.83,0.008579044235810887,6.363636363636364e-05,3.770262064241404e-05,220
1.846,0.0021908902300206666,0.006,0.002190890230020664,1.84,0.0030983866769659345,2.7272727272727273e-05,9.958591954639381e-06,220
1.848,0.0017888543819998333,0.008,0.0017888543819998316,1.84,0.0025298221281347044,3.6363636363636364e-05,8.131156281817417e-06,220
1.8560000000000003,0.0021908902300206666,0.006,0.002190890230020664,1.8500000000000003,0.0030983866769659345,2.7272727272727273e-05,9.958591954639381e-06,220
1.8539999999999999,0.002190890230020666,0.008,0.0017888543819998316,1.8459999999999999,0.0028284271247461914,3.6363636363636364e-05,8.131156281817417e-06,220
1.86,0.0,0.022,0.0130843417870369,1.838,0.0130843417870369,9.999999999999999e-05,5.947428085016773e-05,220
1.8700000000000003,0.0048989794855663245,0.008,0.007155417527999326,1.8620000000000003,0.008671793355471502,3.6363636363636364e-05,3.252462512726967e-05,220
1.86,0.0028284271247461922,0.008,0.0017888543819998316,1.852,0.003346640106136304,3.6363636363636364e-05,8.131156281817417e-06,220
1.8700000000000003,0.002828427124746161,0.01,0.00282842712474619,1.8600000000000003,0.003999999999999979,4.545454545454546e-05,1.2856486930664501e-05,220
1.876,0.0021908902300206176,0.025999999999999995,0.012198360545581525,1.8499999999999999,0.012393546707863724,0.00011818181818181817,5.544709338900693e-05,220
1.8719999999999999,0.005215361924162083,0.004,0.0021908902300206644,1.8679999999999999,0.005656854249492346,1.8181818181818182e-05,9.958591954639385e-06,220
1.8800000000000001,0.007483314773547854,0.004,0.0021908902300206644,1.8760000000000001,0.007797435475847143,1.8181818181818182e-05,9.958591954639385e-06,220
1.8739999999999999,0.00779743547584714,0.004,0.002190890230020664,1.8699999999999999,0.008099382692526604,1.8181818181818182e-05,9.958591954639381e-06,220
1.89,0.00489897948556636,0.008,0.0033466401061363017,1.882,0.005932958789676534,3.6363636363636364e-05,1.5212000482437735e-05,220
1.892,0.0017888543819998333,0.01,0.00282842712474619,1.882,0.003346640106136303,4.545454545454546e-05,1.2856486930664501e-05,220
1.886,0.006693280212272575,0.01,0.004,1.876,0.007797435475847146,4.545454545454546e-05,1.8181818181818182e-05,220
1.884,0.006066300355241211,0.006,0.0021908902300206644,1.878,0.006449806198638812,2.7272727272727273e-05,9.958591954639385e-06,220
1.902,0.003346640106136305,0.014000000000000002,0.008294576541331089,1.888,0.00894427190999916,6.363636363636364e-05,3.770262064241404e-05,220
1.9,0.0,0.008,0.0033466401061363017,1.892,0.0033466401061363017,3.6363636363636364e-05,1.5212000482437735e-05,220
1.9159999999999997,0.010039920318408915,0.004,0.0021908902300206644,1.9119999999999997,0.01027618606293211,1.8181818181818182e-05,9.958591954639385e-06,220
1.916,0.0035777087639996667,0.008,0.0017888543819998316,1.908,0.004000000000000003,3.6363636363636364e-05,8.131156281817417e-06,220
1.916,0.002190890230020666,0.008,0.0017888543819998316,1.908,0.0028284271247461914,3.6363636363636364e-05,8.131156281817417e-06,220
1.92,0.006928203230275516,0.013999999999999999,0.003577708763999663,1.906,0.007797435475847177,6.363636363636363e-05,1.6262312563634833e-05,220
1.922,0.0017888543819998333,0.004,0.002190890230020664,1.918,0.002828427124746191,1.8181818181818182e-05,9.958591954639381e-06,220
1.932,0.006572670690061999,0.012,0.006572670690061993,1.92,0.009295160030897804,5.4545454545454546e-05,2.987577586391815e-05,220
1.924,0.0021908902300206666,0.004,0.0021908902300206644,1.92,0.003098386676965935,1.8181818181818182e-05,9.958591954639385e-06,220
1.9300000000000002,9.930136612989092e-17,0.006,0.0021908902300206644,1.9240000000000002,0.0021908902300206644,2.7272727272727273e-05,9.958591954639385e-06,220
1.9300000000000002,9.930136612989092e-17,0.01,0.00282842712474619,1.9200000000000002,0.00282842712474619,4.545454545454546e-05,1.2856486930664501e-05,220
1.9299999999999997,0.00489897948556636,0.02,0.009380831519646858,1.9099999999999997,0.010583005244258363,9.090909090909092e-05,4.264014327112208e-05,220
1.938,0.0017888543819998333,0.019999999999999997,0.008944271909999158,1.918,0.009121403400793104,9.090909090909089e-05,4.0655781409087084e-05,220
1.9460000000000002,0.0021908902300206666,0.01,0.00282842712474619,1.9360000000000002,0.003577708763999665,4.545454545454546e-05,1.2856486930664501e-05,220
1.9520000000000004,0.003346640106136305,0.008,0.0017888543819998316,1.9440000000000004,0.003794733192202058,3.6363636363636364e-05,8.131156281817417e-06,220
1.9459999999999997,0.002190890230020666,0.01,0.0069282032302755096,1.9359999999999997,0.007266360849833981,4.545454545454546e-05,3.149183286488868e-05,220
1.948,0.0017888543819998333,0.018,0.007694153624668538,1.93,0.0078993670632526,8.181818181818182e-05,3.4973425566675174e-05,220
1.952,0.0017888543819998333,0.01,0.00282842712474619,1.942,0.003346640106136303,4.545454545454546e-05,1.2856486930664501e-05,220
1.956,0.002190890230020666,0.008,0.0017888543819998316,1.948,0.0028284271247461914,3.6363636363636364e-05,8.131156281817417e-06,220
1.956,0.002190890230020666,0.004,0.002190890230020664,1.952,0.0030983866769659345,1.8181818181818182e-05,9.958591954639381e-06,220
1.9579999999999997,0.004381780460041333,0.006,0.002190890230020664,1.9519999999999997,0.00489897948556636,2.7272727272727273e-05,9.958591954639381e-06,220
1.964,0.0021908902300206666,0.004,0.002190890230020664,1.96,0.0030983866769659345,1.8181818181818182e-05,9.958591954639381e-06,220
1.968,0.0017888543819998333,0.01,0.00282842712474619,1.958,0.003346640106136303,4.545454545454546e-05,1.2856486930664501e-05,220
1.97,0.0028284271247461922,0.006,0.002190890230020664,1.964,0.003577708763999665,2.7272727272727273e-05,9.958591954639381e-06,220
1.9739999999999998,0.002190890230020666,0.008,0.0033466401061363017,1.9659999999999997,0.004,3.6363636363636364e-05,1.5212000482437735e-05,220
1.9739999999999998,0.004560701700396556,0.004,0.002190890230020664,1.9699999999999998,0.0050596442562694105,1.8181818181818182e-05,9.958591954639381e-06,220
1.972,0.0052153619241621235,0.008,0.0017888543819998316,1.964,0.005513619500836093,3.6363636363636364e-05,8.131156281817417e-06,220
1.9799999999999998,0.0056568542494923844,0.01,0.00282842712474619,1.9699999999999998,0.006324555320336762,4.545454545454546e-05,1.2856486930664501e-05,220
1.982,0.009121403400793085,0.006,0.0021908902300206644,1.976,0.00938083151964684,2.7272727272727273e-05,9.958591954639385e-06,220
1.9899999999999998,9.930136612989092e-17,0.008,0.0017888543819998316,1.9819999999999998,0.0017888543819998316,3.6363636363636364e-05,8.131156281817417e-06,220
1.9940000000000002,0.002190890230020666,0.006,0.002190890230020664,1.9880000000000002,0.0030983866769659345,2.7272727272727273e-05,9.958591954639381e-06,220
1.998,0.0017888543819998333,0.008,0.0033466401061363017,1.99,0.0037947331922020553,3.6363636363636364e-05,1.5212000482437735e-05,220
1.998,0.0017888543819998333,0.006,0.002190890230020664,1.992,0.002828427124746191,2.7272727272727273e-05,9.958591954639381e-06,220
2.002,0.0017888543819997937,0.002,0.0017888543819998316,1.9999999999999998,0.002529822128134676,9.090909090909091e-06,8.131156281817417e-06,220
2.008,0.0017888543819997937,0.01,0.0,1.998,0.0017888543819997937,4.545454545454546e-05,0.0,220
2.0119999999999996,0.0017888543819998728,0.01,0.00282842712474619,2.002,0.0033466401061363242,4.545454545454546e-05,1.2856486930664501e-05,220
2.01,0.0040000000000000036,0.012,0.0017888543819998316,1.9979999999999998,0.004381780460041332,5.4545454545454546e-05,8.131156281817417e-06,220
2.018,0.0017888543819998732,0.004,0.002190890230020664,2.014,0.002828427124746216,1.8181818181818182e-05,9.958591954639381e-06,220
2.032,0.005215361924162096,0.014000000000000002,0.002190890230020664,2.0180000000000002,0.005656854249492358,6.363636363636364e-05,9.958591954639381e-06,220
2.024,0.0021908902300206176,0.012,0.0017888543819998316,2.012,0.0028284271247461536,5.4545454545454546e-05,8.131156281817417e-06,220
2.03,0.0,0.017999999999999995,0.009549869109050656,2.012,0.009549869109050656,8.18181818181818e-05,4.3408495950230253e-05,220
2.03,0.0,0.012,0.0033466401061363017,2.018,0.0033466401061363017,5.4545454545454546e-05,1.5212000482437735e-05,220
2.034,0.002190890230020715,0.006,0.0021908902300206644,2.028,0.0030983866769659697,2.7272727272727273e-05,9.958591954639385e-06,220
2.0380000000000003,0.0017888543819998732,0.006,0.002190890230020664,2.0320000000000005,0.002828427124746216,2.7272727272727273e-05,9.958591954639381e-06,220
2.036,0.0035777087639996667,0.006,0.002190890230020664,2.0300000000000002,0.004195235392680609,2.7272727272727273e-05,9.958591954639381e-06,220
2.05,0.006928203230275515,0.008,0.0017888543819998316,2.042,0.0071554175279993325,3.6363636363636364e-05,8.131156281817417e-06,220
2.05,0.0,0.008,0.0033466401061363017,2.042,0.0033466401061363017,3.6363636363636364e-05,1.5212000482437735e-05,220
2.05,0.0,0.016,0.005366563145999495,2.034,0.005366563145999495,7.272727272727273e-05,2.439346884545225e-05,220
2.0519999999999996,0.0017888543819998732,0.008,0.0033466401061363017,2.0439999999999996,0.0037947331922020744,3.6363636363636364e-05,1.5212000482437735e-05,220
2.054,0.0021908902300207147,0.01,0.0,2.044,0.0021908902300207147,4.545454545454546e-05,0.0,220
2.0540000000000003,0.0021908902300207147,0.01,0.004,2.0440000000000005,0.004560701700396576,4.545454545454546e-05,1.8181818181818182e-05,220
2.052,0.004381780460041332,0.008,0.0033466401061363017,2.044,0.005513619500836091,3.6363636363636364e-05,1.5212000482437735e-05,220
2.06,0.0028284271247461922,0.013999999999999999,0.006693280212272604,2.0460000000000003,0.0072663608498339805,6.363636363636363e-05,3.0424000964875473e-05,220
2.0620000000000003,0.0033466401061362943,0.004,0.002190890230020664,2.0580000000000003,0.003999999999999993,1.8181818181818182e-05,9.958591954639381e-06,220
2.07,0.0,0.018,0.007694153624668538,2.052,0.007694153624668538,8.181818181818182e-05,3.4973425566675174e-05,220
2.0700000000000003,0.0028284271247461922,0.008,0.0017888543819998316,2.0620000000000003,0.003346640106136304,3.6363636363636364e-05,8.131156281817417e-06,220
2.0780000000000003,0.0017888543819998728,0.01,0.0,2.0680000000000005,0.0017888543819998728,4.545454545454546e-05,0.0,220
2.084,0.0021908902300206176,0.028000000000000004,0.0117983049630021,2.056,0.011999999999999992,0.00012727272727272728,5.3628658922736824e-05,220
2.084,0.0021908902300206176,0.012,0.004381780460041328,2.072,0.004898979485566335,5.4545454545454546e-05,1.9917183909278762e-05,220
2.096,0.0077974354758471595,0.012,0.0017888543819998316,2.084,0.007999999999999988,5.4545454545454546e-05,8.131156281817417e-06,220
2.086,0.0035777087639996667,0.01,0.00282842712474619,2.076,0.0045607017003965545,4.545454545454546e-05,1.2856486930664501e-05,220
2.098,0.0017888543819998732,0.006,0.0021908902300206644,2.092,0.0028284271247462165,2.7272727272727273e-05,9.958591954639385e-06,220
2.0959999999999996,0.0021908902300207147,0.006,0.002190890230020664,2.09,0.003098386676965969,2.7272727272727273e-05,9.958591954639381e-06,220
2.104,0.0021908902300206176,0.006,0.0021908902300206644,2.0980000000000003,0.0030983866769659003,2.7272727272727273e-05,9.958591954639385e-06,220
2.1,0.0028284271247461922,0.014000000000000002,0.002190890230020664,2.0860000000000003,0.003577708763999665,6.363636363636364e-05,9.958591954639381e-06,220
2.1019999999999994,0.0033466401061362943,0.004,0.002190890230020664,2.0979999999999994,0.003999999999999993,1.8181818181818182e-05,9.958591954639381e-06,220
2.11,0.0,0.008,0.0017888543819998316,2.102,0.0017888543819998316,3.6363636363636364e-05,8.131156281817417e-06,220
2.114,0.0021908902300207147,0.02,0.00282842712474619,2.094,0.003577708763999694,9.090909090909092e-05,1.2856486930664501e-05,220
2.1100000000000003,0.006928203230275515,0.008,0.0033466401061363017,2.1020000000000003,0.007694153624668542,3.6363636363636364e-05,1.5212000482437735e-05,220
2.12,0.0028284271247461922,0.006,0.0021908902300206644,2.1140000000000003,0.003577708763999665,2.7272727272727273e-05,9.958591954639385e-06,220
2.118,0.004381780460041308,0.006,0.0021908902300206644,2.112,0.0048989794855663375,2.7272727272727273e-05,9.958591954639385e-06,220
2.126,0.0021908902300206176,0.012,0.0033466401061363017,2.114,0.003999999999999974,5.4545454545454546e-05,1.5212000482437735e-05,220
2.128,0.0033466401061362943,0.006,0.0021908902300206644,2.1220000000000003,0.003999999999999993,2.7272727272727273e-05,9.958591954639385e-06,220
2.1340000000000003,0.0021908902300207147,0.012,0.0017888543819998316,2.1220000000000003,0.002828427124746229,5.4545454545454546e-05,8.131156281817417e-06,220
2.1340000000000003,0.0035777087639996766,0.012,0.0017888543819998316,2.1220000000000003,0.004000000000000011,5.4545454545454546e-05,8.131156281817417e-06,220
2.1420000000000003,0.0033466401061362943,0.012,0.0017888543819998316,2.1300000000000003,0.0037947331922020483,5.4545454545454546e-05,8.131156281817417e-06,220
2.14,0.0028284271247461922,0.02,0.009380831519646858,2.12,0.009797958971132711,9.090909090909092e-05,4.264014327112208e-05,220
2.1420000000000003,0.0033466401061362943,0.01,0.004898979485566356,2.1320000000000006,0.005932958789676525,4.545454545454546e-05,2.226808857075616e-05,220
2.148,0.0017888543819997937,0.006,0.0021908902300206644,2.1420000000000003,0.0028284271247461658,2.7272727272727273e-05,9.958591954639385e-06,220
2.15,0.0,0.008,0.0033466401061363017,2.142,0.0033466401061363017,3.6363636363636364e-05,1.5212000482437735e-05,220
2.1540000000000004,0.0035777087639996766,0.004,0.002190890230020664,2.1500000000000004,0.0041952353926806175,1.8181818181818182e-05,9.958591954639381e-06,220
2.162,0.004381780460041357,0.006,0.003577708763999663,2.156,0.005656854249492402,2.7272727272727273e-05,1.6262312563634833e-05,220
2.1540000000000004,0.0053665631459994725,0.01,0.00282842712474619,2.1440000000000006,0.00606630035524122,4.545454545454546e-05,1.2856486930664501e-05,220
2.17,0.009380831519646849,0.018,0.005215361924162118,2.152,0.010733126291998981,8.181818181818182e-05,2.3706190564373265e-05,220
2.16,0.0040000000000000036,0.006,0.0021908902300206644,2.1540000000000004,0.004560701700396555,2.7272727272727273e-05,9.958591954639385e-06,220
2.17,0.0,0.012,0.0033466401061363017,2.158,0.0033466401061363017,5.4545454545454546e-05,1.5212000482437735e-05,220
2.1740000000000004,0.011523888232710366,0.008,0.0033466401061363017,2.1660000000000004,0.012000000000000018,3.6363636363636364e-05,1.5212000482437735e-05,220
2.1719999999999997,0.0033466401061363156,0.006,0.002190890230020664,2.166,0.0040000000000000105,2.7272727272727273e-05,9.958591954639381e-06,220
2.174,0.005366563145999539,0.01,0.0,2.164,0.005366563145999539,4.545454545454546e-05,0.0,220
2.19,0.008944271909999127,0.008,0.0017888543819998316,2.182,0.009121403400793072,3.6363636363636364e-05,8.131156281817417e-06,220
2.19,0.0,0.014000000000000002,0.0035777087639996628,2.176,0.0035777087639996628,6.363636363636364e-05,1.626231256363483e-05,220
2.188,0.0033466401061362943,0.016,0.00606630035524124,2.172,0.006928203230275505,7.272727272727273e-05,2.757409252382382e-05,220
2.186,0.0035777087639996667,0.008,0.0033466401061363017,2.178,0.004898979485566358,3.6363636363636364e-05,1.5212000482437735e-05,220
2.216,0.012837445228704933,0.018,0.009959919678390985,2.1980000000000004,0.016248076809271893,8.181818181818182e-05,4.527236217450448e-05,220
2.194,0.0077974354758471595,0.012,0.0017888543819998316,2.182,0.007999999999999988,5.4545454545454546e-05,8.131156281817417e-06,220
2.2039999999999997,0.0021908902300206176,0.008,0.0033466401061363017,2.1959999999999997,0.003999999999999974,3.6363636363636364e-05,1.5212000482437735e-05,220
2.2039999999999997,0.0035777087639996563,0.006,0.0021908902300206644,2.198,0.0041952353926806,2.7272727272727273e-05,9.958591954639385e-06,220
2.2039999999999997,0.00536656314599946,0.008,0.0017888543819998316,2.1959999999999997,0.005656854249492347,3.6363636363636364e-05,8.131156281817417e-06,220
2.2120000000000006,0.0017888543819998728,0.008,0.0017888543819998316,2.2040000000000006,0.0025298221281347326,3.6363636363636364e-05,8.131156281817417e-06,220
2.216,0.0021908902300207147,0.008,0.0017888543819998316,2.208,0.002828427124746229,3.6363636363636364e-05,8.131156281817417e-06,220
2.22,0.007483314773547866,0.02,0.011313708498984762,2.2,0.013564659966250529,9.090909090909092e-05,5.142594772265801e-05,220
2.224,0.0021908902300206176,0.006,0.0021908902300206644,2.2180000000000004,0.0030983866769659003,2.7272727272727273e-05,9.958591954639385e-06,220
2.2220000000000004,0.0017888543819997937,0.01,0.00282842712474619,2.2120000000000006,0.0033466401061362817,4.545454545454546e-05,1.2856486930664501e-05,220
2.232,0.0017888543819998732,0.008,0.0033466401061363017,2.224,0.0037947331922020744,3.6363636363636364e-05,1.5212000482437735e-05,220
2.2340000000000004,0.0035777087639996766,0.002,0.0017888543819998316,2.2320000000000007,0.004000000000000011,9.090909090909091e-06,8.131156281817417e-06,220
2.236,0.00456070170039654,0.002,0.0017888543819998316,2.2340000000000004,0.004898979485566344,9.090909090909091e-06,8.131156281817417e-06,220
2.236,0.0035777087639996667,0.018000000000000002,0.007694153624668538,2.2180000000000004,0.008485281374238571,8.181818181818183e-05,3.4973425566675174e-05,220
2.2380000000000004,0.006572670690062005,0.008,0.0017888543819998316,2.2300000000000004,0.006811754546370572,3.6363636363636364e-05,8.131156281817417e-06,220
2.258,0.007155417527999333,0.012,0.0017888543819998316,2.246,0.007375635565834316,5.4545454545454546e-05,8.131156281817417e-06,220
2.25,0.0,0.008,0.0033466401061363017,2.242,0.0033466401061363017,3.6363636363636364e-05,1.5212000482437735e-05,220
2.248,0.0017888543819997937,0.006,0.0021908902300206644,2.2420000000000004,0.0028284271247461658,2.7272727272727273e-05,9.958591954639385e-06,220
2.256,0.0021908902300206176,0.004,0.0021908902300206644,2.252,0.0030983866769659003,1.8181818181818182e-05,9.958591954639385e-06,220
2.258,0.0017888543819997937,0.02,0.0116619037896906,2.238,0.011798304963002096,9.090909090909092e-05,5.300865358950273e-05,220
2.2619999999999996,0.0017888543819998732,0.006,0.0021908902300206644,2.256,0.0028284271247462165,2.7272727272727273e-05,9.958591954639385e-06,220
2.26,0.0028284271247461922,0.008,0.0033466401061363017,2.252,0.00438178046004133,3.6363636363636364e-05,1.5212000482437735e-05,220
2.264,0.00536656314599946,0.006,0.002190890230020664,2.258,0.005796550698475743,2.7272727272727273e-05,9.958591954639381e-06,220
2.276,0.00536656314599946,0.008,0.0033466401061363017,2.268,0.006324555320336729,3.6363636363636364e-05,1.5212000482437735e-05,220
2.272,0.0017888543819997937,0.008,0.0017888543819998316,2.264,0.002529822128134676,3.6363636363636364e-05,8.131156281817417e-06,220
2.2819999999999996,0.0017888543819998732,0.014000000000000002,0.002190890230020664,2.268,0.002828427124746216,6.363636363636364e-05,9.958591954639381e-06,220
2.2779999999999996,0.0017888543819997937,0.01,0.00282842712474619,2.268,0.0033466401061362817,4.545454545454546e-05,1.2856486930664501e-05,220
2.296,0.010039920318408906,0.008,0.0017888543819998316,2.288,0.010198039027185569,3.6363636363636364e-05,8.131156281817417e-06,220
2.282,0.007155417527999333,0.012,0.004381780460041328,2.27,0.008390470785361218,5.4545454545454546e-05,1.9917183909278762e-05,220
2.29,0.0028284271247461922,0.014000000000000002,0.002190890230020664,2.2760000000000002,0.003577708763999665,6.363636363636364e-05,9.958591954639381e-06,220
2.2960000000000003,0.0021908902300206176,0.01,0.00282842712474619,2.2860000000000005,0.0035777087639996346,4.545454545454546e-05,1.2856486930664501e-05,220
2.2939999999999996,0.0035777087639996563,0.012,0.0017888543819998316,2.2819999999999996,0.003999999999999993,5.4545454545454546e-05,8.131156281817417e-06,220
2.304,0.0021908902300207147,0.01,0.00282842712474619,2.294,0.003577708763999694,4.545454545454546e-05,1.2856486930664501e-05,220
2.306,0.0021908902300207147,0.008,0.0033466401061363017,2.298,0.004000000000000027,3.6363636363636364e-05,1.5212000482437735e-05,220
2.3120000000000003,0.0017888543819997932,0.008,0.0017888543819998316,2.3040000000000003,0.002529822128134676,3.6363636363636364e-05,8.131156281817417e-06,220
2.3120000000000003,0.0017888543819997937,0.006,0.0021908902300206644,2.3060000000000005,0.0028284271247461658,2.7272727272727273e-05,9.958591954639385e-06,220
2.33,0.009380831519646885,0.008,0.0017888543819998316,2.322,0.009549869109050684,3.6363636363636364e-05,8.131156281817417e-06,220
2.336,0.009208691546577125,0.008,0.0017888543819998316,2.328,0.009380831519646913,3.6363636363636364e-05,8.131156281817417e-06,220
2.3240000000000003,0.0035777087639996766,0.008,0.0017888543819998316,2.3160000000000003,0.004000000000000011,3.6363636363636364e-05,8.131156281817417e-06,220
2.3280000000000003,0.0017888543819998732,0.008,0.0017888543819998316,2.3200000000000003,0.0025298221281347326,3.6363636363636364e-05,8.131156281817417e-06,220
2.326,0.0035777087639996667,0.004,0.002190890230020664,2.322,0.004195235392680609,1.8181818181818182e-05,9.958591954639381e-06,220
2.326,0.0035777087639996667,0.012,0.0017888543819998316,2.314,0.004000000000000003,5.4545454545454546e-05,8.131156281817417e-06,220
2.322,0.00867179335547149,0.008,0.0033466401061363017,2.314,0.009295160030897772,3.6363636363636364e-05,1.5212000482437735e-05,220
2.34,0.0,0.01,0.004,2.33,0.004,4.545454545454546e-05,1.8181818181818182e-05,220
2.334,0.0035777087639996563,0.01,0.0,2.3240000000000003,0.0035777087639996563,4.545454545454546e-05,0.0,220
2.344,0.0035777087639996766,0.01,0.0,2.334,0.0035777087639996766,4.545454545454546e-05,0.0,220
2.34,0.008944271909999205,0.008,0.0017888543819998316,2.332,0.009121403400793149,3.6363636363636364e-05,8.131156281817417e-06,220
2.352,0.0017888543819997937,0.01,0.00282842712474619,2.342,0.0033466401061362817,4.545454545454546e-05,1.2856486930664501e-05,220
2.352,0.0017888543819997937,0.006,0.0021908902300206644,2.346,0.0028284271247461658,2.7272727272727273e-05,9.958591954639385e-06,220
2.356,0.0021908902300206176,0.01,0.0,2.346,0.0021908902300206176,4.545454545454546e-05,0.0,220
2.354,0.0021908902300206176,0.024,0.012837445228704971,2.33,0.013023056476879758,0.00010909090909090909,5.8352023766840776e-05,220
2.36,0.0,0.008,0.0017888543819998316,2.352,0.0017888543819998316,3.6363636363636364e-05,8.131156281817417e-06,220
2.3600000000000003,0.0028284271247461922,0.008,0.0017888543819998316,2.3520000000000003,0.003346640106136304,3.6363636363636364e-05,8.131156281817417e-06,220
2.3620000000000005,0.0033466401061363156,0.004,0.002190890230020664,2.3580000000000005,0.0040000000000000105,1.8181818181818182e-05,9.958591954639381e-06,220
2.3660000000000005,0.0035777087639996667,0.016,0.0021908902300206644,2.3500000000000005,0.004195235392680609,7.272727272727273e-05,9.958591954639385e-06,220
2.3779999999999997,0.005932958789676523,0.01,0.00282842712474619,2.368,0.006572670690061987,4.545454545454546e-05,1.2856486930664501e-05,220
2.376,0.0035777087639996667,0.01,0.0,2.366,0.0035777087639996667,4.545454545454546e-05,0.0,220
2.38,0.0,0.01,0.0,2.37,0.0,4.545454545454546e-05,0.0,220
2.376,0.0021908902300206176,0.012,0.0017888543819998316,2.364,0.0028284271247461536,5.4545454545454546e-05,8.131156281817417e-06,220
2.39,0.0,0.012,0.0017888543819998316,2.378,0.0017888543819998316,5.4545454545454546e-05,8.131156281817417e-06,220
2.394,0.0021908902300206176,0.006,0.002190890230020664,2.3880000000000003,0.0030983866769659003,2.7272727272727273e-05,9.958591954639381e-06,220
2.3920000000000003,0.0017888543819997937,0.008,0.0017888543819998316,2.3840000000000003,0.002529822128134676,3.6363636363636364e-05,8.131156281817417e-06,220
2.396,0.0021908902300206176,0.012,0.0017888543819998316,2.384,0.0028284271247461536,5.4545454545454546e-05,8.131156281817417e-06,220
2.398,0.00521536192416215,0.014000000000000002,0.002190890230020664,2.3840000000000003,0.00565685424949241,6.363636363636364e-05,9.958591954639381e-06,220
2.402,0.005215361924162164,0.023999999999999997,0.012521980673998824,2.378,0.013564659966250555,0.00010909090909090908,5.691809397272193e-05,220
2.4080000000000004,0.0017888543819998732,0.012,0.0033466401061363017,2.3960000000000004,0.0037947331922020744,5.4545454545454546e-05,1.5212000482437735e-05,220
2.41,0.0,0.01,0.00282842712474619,2.4000000000000004,0.00282842712474619,4.545454545454546e-05,1.2856486930664501e-05,220
2.416,0.006066300355241227,0.014000000000000002,0.0021908902300206644,2.402,0.006449806198638827,6.363636363636364e-05,9.958591954639385e-06,220
2.412,0.007155417527999333,0.016,0.002190890230020664,2.396,0.0074833147735478885,7.272727272727273e-05,9.958591954639381e-06,220
2.416,0.0021908902300206176,0.016,0.003577708763999663,2.4,0.004195235392680581,7.272727272727273e-05,1.6262312563634833e-05,220
2.42,0.0028284271247461922,0.01,0.00282842712474619,2.41,0.004000000000000001,4.545454545454546e-05,1.2856486930664501e-05,220
2.428,0.0017888543819998732,0.015999999999999997,0.0021908902300206644,2.412,0.0028284271247462165,7.272727272727271e-05,9.958591954639385e-06,220
2.428,0.0033466401061363156,0.014000000000000002,0.0021908902300206644,2.414,0.004000000000000011,6.363636363636364e-05,9.958591954639385e-06,220
2.436,0.0021908902300206176,0.012,0.0017888543819998316,2.424,0.0028284271247461536,5.4545454545454546e-05,8.131156281817417e-06,220
2.434,0.0035777087639996563,0.018000000000000002,0.0017888543819998314,2.4160000000000004,0.003999999999999993,8.181818181818183e-05,8.131156281817415e-06,220
2.44,0.0,0.012,0.0033466401061363017,2.428,0.0033466401061363017,5.4545454545454546e-05,1.5212000482437735e-05,220
2.444,0.0021908902300207147,0.015999999999999997,0.0021908902300206644,2.428,0.003098386676965969,7.272727272727271e-05,9.958591954639385e-06,220
2.446,0.0035777087639996667,0.02,0.0,2.426,0.0035777087639996667,9.090909090909092e-05,0.0,220
2.446,0.0035777087639996667,0.02,0.0,2.426,0.0035777087639996667,9.090909090909092e-05,0.0,220
2.45,0.0,0.034,0.012837445228704968,2.4160000000000004,0.012837445228704968,0.00015454545454545454,5.835202376684076e-05,220
2.4539999999999997,0.0021908902300206176,0.022,0.0033466401061363017,2.432,0.003999999999999974,9.999999999999999e-05,1.5212000482437735e-05,220
2.46,0.0,0.02,0.0,2.44,0.0,9.090909090909092e-05,0.0,220
2.46,0.0,0.022,0.0033466401061363017,2.438,0.0033466401061363017,9.999999999999999e-05,1.5212000482437735e-05,220
2.4640000000000004,0.005366563145999539,0.024,0.0021908902300206636,2.4400000000000004,0.005796550698475816,0.00010909090909090909,9.95859195463938e-06,220
2.468,0.0017888543819998732,0.024,0.0021908902300206636,2.444,0.0028284271247462156,0.00010909090909090909,9.95859195463938e-06,220
2.462,0.0033466401061363156,0.028000000000000004,0.0017888543819998314,2.434,0.0037947331922020665,0.00012727272727272728,8.131156281817415e-06,220
2.4680000000000004,0.0017888543819998732,0.026000000000000002,0.002190890230020664,2.4420000000000006,0.002828427124746216,0.0001181818181818182,9.958591954639381e-06,220
2.48,0.0,0.028000000000000004,0.0017888543819998314,2.452,0.0017888543819998314,0.00012727272727272728,8.131156281817415e-06,220
2.482,0.0017888543819998732,0.026000000000000002,0.004560701700396551,2.4560000000000004,0.0048989794855663705,0.0001181818181818182,2.073046227452978e-05,220
2.4840000000000004,0.0035777087639996766,0.036,0.005366563145999495,2.4480000000000004,0.0064498061986388465,0.00016363636363636363,2.439346884545225e-05,220
2.4840000000000004,0.0021908902300207147,0.036000000000000004,0.0021908902300206644,2.4480000000000004,0.003098386676965969,0.00016363636363636366,9.958591954639385e-06,220
2.494,0.0021908902300206176,0.034,0.002190890230020665,2.4600000000000004,0.0030983866769659007,0.00015454545454545454,9.958591954639386e-06,220
2.512,0.011798304963002078,0.05,0.011313708498984762,2.462,0.016346253393362025,0.00022727272727272727,5.142594772265801e-05,220
2.496,0.0035777087639996667,0.036000000000000004,0.0021908902300206644,2.46,0.004195235392680609,0.00016363636363636366,9.958591954639385e-06,220
2.494,0.007266360849833917,0.042,0.006572670690061995,2.4520000000000004,0.009797958971132666,0.00019090909090909092,2.9875775863918157e-05,220
2.506,0.0035777087639995864,0.042,0.0017888543819998316,2.464,0.003999999999999931,0.00019090909090909092,8.131156281817417e-06,220
2.506,0.0021908902300206176,0.042,0.0017888543819998316,2.464,0.0028284271247461536,0.00019090909090909092,8.131156281817417e-06,220
2.504,0.0021908902300206176,0.046,0.003577708763999663,2.458,0.004195235392680581,0.0002090909090909091,1.6262312563634833e-05,220
2.5119999999999996,0.0017888543819998732,0.042,0.0017888543819998316,2.4699999999999998,0.0025298221281347326,0.00019090909090909092,8.131156281817417e-06,220
2.518,0.0017888543819998732,0.052000000000000005,0.0017888543819998305,2.4659999999999997,0.0025298221281347317,0.0002363636363636364,8.131156281817412e-06,220
2.518,0.0017888543819998732,0.052000000000000005,0.0017888543819998305,2.4659999999999997,0.0025298221281347317,0.0002363636363636364,8.131156281817412e-06,220
2.512,0.007155417527999333,0.048,0.0017888543819998316,2.464,0.007375635565834316,0.00021818181818181818,8.131156281817417e-06,220
2.5140000000000002,0.00536656314599946,0.052000000000000005,0.0017888543819998305,2.462,0.005656854249492346,0.0002363636363636364,8.131156281817412e-06,220
2.5279999999999996,0.0017888543819997937,0.05,0.0,2.4779999999999998,0.0017888543819997937,0.00022727272727272727,0.0,220
2.53,0.0,0.054000000000000006,0.0021908902300206636,2.476,0.0021908902300206636,0.0002454545454545455,9.95859195463938e-06,220
2.532,0.015073154945133383,0.05,0.002828427124746189,2.482,0.015336231610144618,0.00022727272727272727,1.2856486930664496e-05,220
2.5420000000000003,0.0033466401061362943,0.057999999999999996,0.0017888543819998305,2.4840000000000004,0.003794733192202048,0.0002636363636363636,8.131156281817412e-06,220
2.5479999999999996,0.0103537432844358,0.062,0.0017888543819998333,2.4859999999999998,0.01050714042925093,0.0002818181818181818,8.131156281817424e-06,220
2.542,0.0033466401061362943,0.06,0.0,2.4819999999999998,0.0033466401061362943,0.00027272727272727274,0.0,220
2.54,0.006928203230275516,0.05800000000000001,0.006572670690061995,2.482,0.009549869109050663,0.0002636363636363637,2.9875775863918157e-05,220
2.552,0.0017888543819998732,0.064,0.002190890230020666,2.488,0.0028284271247462174,0.0002909090909090909,9.958591954639391e-06,220
2.5520000000000005,0.0017888543819998728,0.068,0.0017888543819998333,2.4840000000000004,0.0025298221281347334,0.0003090909090909091,8.131156281817424e-06,220
2.5580000000000003,0.0017888543819998732,0.07600000000000001,0.005366563145999494,2.482,0.005656854249492392,0.0003454545454545455,2.4393468845452247e-05,220
2.56,0.0,0.07,0.0028284271247461905,2.49,0.0028284271247461905,0.0003181818181818182,1.2856486930664503e-05,220
2.56,0.0,0.064,0.004560701700396552,2.496,0.004560701700396552,0.0002909090909090909,2.0730462274529782e-05,220
2.564,0.0021908902300206176,0.07200000000000001,0.003346640106136302,2.492,0.003999999999999974,0.0003272727272727273,1.5212000482437737e-05,220
2.564,0.0035777087639996563,0.08,0.0,2.484,0.0035777087639996563,0.00036363636363636367,0.0,220
2.568,0.0017888543819997937,0.084,0.0021908902300206636,2.484,0.0028284271247461653,0.00038181818181818184,9.95859195463938e-06,220
2.572,0.0017888543819998732,0.07400000000000001,0.006066300355241239,2.498,0.006324555320336769,0.00033636363636363643,2.7574092523823815e-05,220
2.584,0.006066300355241228,0.08000000000000002,0.0028284271247461883,2.504,0.006693280212272593,0.0003636363636363637,1.2856486930664493e-05,220
2.584,0.0021908902300206176,0.08399999999999999,0.003577708763999661,2.5,0.004195235392680579,0.0003818181818181818,1.6262312563634823e-05,220
2.586,0.0021908902300206176,0.094,0.00606630035524124,2.492,0.006449806198638824,0.00042727272727272726,2.757409252382382e-05,220
2.588,0.0017888543819997937,0.09,0.0,2.498,0.0017888543819997937,0.0004090909090909091,0.0,220
2.59,0.01296148139681576,0.10599999999999998,0.012521980673998824,2.484,0.018022208521710124,0.0004818181818181817,5.691809397272193e-05,220
2.606,0.007797435475847197,0.094,0.002190890230020666,2.512,0.00809938269252666,0.00042727272727272726,9.958591954639391e-06,220
2.598,0.0017888543819998732,0.098,0.004381780460041328,2.5,0.004732863826479708,0.0004454545454545455,1.9917183909278762e-05,220
2.602,0.0017888543819997937,0.10200000000000001,0.0017888543819998305,2.5,0.0025298221281346758,0.00046363636363636366,8.131156281817412e-06,220
2.5959999999999996,0.010430723848324249,0.08800000000000001,0.009549869109050656,2.5079999999999996,0.014142135623730958,0.0004,4.3408495950230253e-05,220
2.6079999999999997,0.0017888543819997937,0.11199999999999999,0.013084341787036904,2.4959999999999996,0.01320605921537534,0.000509090909090909,5.947428085016774e-05,220
2.6119999999999997,0.0017888543819998732,0.10400000000000001,0.0021908902300206636,2.5079999999999996,0.0028284271247462156,0.0004727272727272728,9.95859195463938e-06,220
2.6160000000000005,0.0021908902300207147,0.092,0.007155417527999326,2.5240000000000005,0.007483314773547896,0.0004181818181818182,3.252462512726967e-05,220
2.62,0.0028284271247461922,0.096,0.008763560920082658,2.524,0.00920869154657707,0.00043636363636363637,3.983436781855754e-05,220
2.614,0.005366563145999539,0.10800000000000001,0.004381780460041328,2.506,0.0069282032302755425,0.000490909090909091,1.9917183909278762e-05,220
2.624,0.0021908902300206176,0.118,0.0033466401061363017,2.5060000000000002,0.003999999999999974,0.0005363636363636364,1.5212000482437735e-05,220
2.626,0.0035777087639996563,0.11399999999999999,0.003577708763999661,2.512,0.0050596442562694,0.0005181818181818181,1.6262312563634823e-05,220
2.632,0.0017888543819998732,0.12,0.0028284271247461905,2.512,0.003346640106136325,0.0005454545454545455,1.2856486930664503e-05,220
2.63,0.0028284271247461922,0.122,0.0017888543819998333,2.508,0.0033466401061363047,0.0005545454545454545,8.131156281817424e-06,220
2.6380000000000003,0.0017888543819998732,0.128,0.0017888543819998333,2.5100000000000002,0.002529822128134734,0.0005818181818181818,8.131156281817424e-06,220
2.636,0.0021908902300207147,0.124,0.002190890230020666,2.512,0.00309838667696597,0.0005636363636363636,9.958591954639391e-06,220
2.6420000000000003,0.0017888543819997937,0.126,0.002190890230020666,2.5160000000000005,0.002828427124746167,0.0005727272727272727,9.958591954639391e-06,220
2.644,0.0021908902300206176,0.122,0.007694153624668539,2.5220000000000002,0.007999999999999988,0.0005545454545454545,3.4973425566675174e-05,220
2.652,0.0033466401061363156,0.136,0.006066300355241241,2.516,0.0069282032302755165,0.0006181818181818182,2.7574092523823822e-05,220
2.648,0.0017888543819997937,0.13,0.0028284271247461922,2.5180000000000002,0.0033466401061362835,0.0005909090909090909,1.285648693066451e-05,220
2.6540000000000004,0.0021908902300207147,0.14200000000000002,0.0017888543819998281,2.5120000000000005,0.002828427124746227,0.0006454545454545455,8.1311562818174e-06,220
2.652,0.0033466401061363156,0.138,0.004381780460041329,2.5140000000000002,0.0055136195008360965,0.0006272727272727273,1.991718390927877e-05,220
2.6540000000000004,0.0021908902300207147,0.138,0.0017888543819998333,2.5160000000000005,0.00282842712474623,0.0006272727272727273,8.131156281817424e-06,220
2.6580000000000004,0.0017888543819998728,0.156,0.010039920318408908,2.5020000000000002,0.010198039027185577,0.0007090909090909091,4.563600144731322e-05,220
2.664,0.012837445228704945,0.14400000000000002,0.00219089023002066,2.52,0.01302305647687974,0.0006545454545454546,9.958591954639364e-06,220
2.6599999999999997,0.008944271909999127,0.14600000000000002,0.00219089023002066,2.514,0.009208691546577039,0.0006636363636363638,9.958591954639364e-06,220
2.67,0.0,0.15,0.0,2.52,0.0,0.0006818181818181818,0.0,220
2.6719999999999997,0.0017888543819998732,0.154,0.002190890230020666,2.518,0.0028284271247462174,0.0007,9.958591954639391e-06,220
2.69,0.009380831519646849,0.146,0.006066300355241241,2.544,0.011171392035015144,0.0006636363636363636,2.7574092523823822e-05,220
2.6700000000000004,0.011313708498984753,0.156,0.002190890230020666,2.5140000000000002,0.01152388823271034,0.0007090909090909091,9.958591954639391e-06,220
2.6719999999999997,0.009959919678391002,0.158,0.0017888543819998333,2.514,0.01011928851253883,0.0007181818181818182,8.131156281817424e-06,220
2.6839999999999997,0.0035777087639996563,0.164,0.002190890230020666,2.5199999999999996,0.004195235392680601,0.0007454545454545455,9.958591954639391e-06,220
2.668,0.014254823744964352,0.164,0.0021908902300206666,2.504,0.01442220510185594,0.0007454545454545455,9.958591954639393e-06,220
2.6799999999999997,0.011313708498984784,0.164,0.0035777087639996667,2.5159999999999996,0.011865917579353083,0.0007454545454545455,1.6262312563634847e-05,220
2.7079999999999997,0.007155417527999333,0.166,0.0021908902300206666,2.542,0.007483314773547889,0.0007545454545454546,9.958591954639393e-06,220
2.6980000000000004,0.006572670690062004,0.174,0.00219089023002066,2.5240000000000005,0.006928203230275518,0.0007909090909090908,9.958591954639364e-06,220
2.7,0.0028284271247461922,0.18,0.0,2.52,0.0028284271247461922,0.0008181818181818182,0.0,220
2.7080000000000006,0.0017888543819997937,0.178,0.004381780460041328,2.5300000000000007,0.004732863826479678,0.000809090909090909,1.9917183909278762e-05,220
2.702,0.01397139935725839,0.184,0.019919839356781974,2.518,0.024331050121192882,0.0008363636363636364,9.054472434900898e-05,220
2.7180000000000004,0.0017888543819998732,0.186,0.0035777087639996667,2.5320000000000005,0.004000000000000022,0.0008454545454545454,1.6262312563634847e-05,220
2.704,0.01458766602304837,0.188,0.0017888543819998333,2.516,0.014696938456699062,0.0008545454545454545,8.131156281817424e-06,220
2.726,0.0021908902300206176,0.186,0.002190890230020666,2.54,0.0030983866769659016,0.0008454545454545454,9.958591954639391e-06,220
2.724,0.0021908902300206176,0.182,0.007155417527999326,2.5420000000000003,0.007483314773547869,0.0008272727272727273,3.252462512726967e-05,220
2.73,0.0,0.19,0.0,2.54,0.0,0.0008636363636363636,0.0,220
2.73,0.0,0.182,0.007155417527999326,2.548,0.007155417527999326,0.0008272727272727273,3.252462512726967e-05,220
2.732,0.003346640106136316,0.198,0.0033466401061363013,2.5340000000000003,0.004732863826479702,0.0009000000000000001,1.5212000482437733e-05,220
2.726,0.010430723848324244,0.20600000000000002,0.010039920318408906,2.52,0.01447756885668309,0.0009363636363636364,4.563600144731321e-05,220
2.746,0.00536656314599946,0.202,0.0017888543819998281,2.544,0.005656854249492346,0.0009181818181818182,8.1311562818174e-06,220
2.74,0.0028284271247461922,0.21600000000000003,0.010430723848324237,2.524,0.010807404868885036,0.000981818181818182,4.741238112874653e-05,220
2.752,0.006572670690061929,0.20400000000000001,0.00219089023002066,2.5479999999999996,0.006928203230275446,0.0009272727272727273,9.958591954639364e-06,220
2.75,0.0,0.21200000000000002,0.006572670690061989,2.538,0.006572670690061989,0.0009636363636363638,2.9875775863918133e-05,220
2.7359999999999998,0.0072663608498339674,0.20800000000000002,0.004381780460041327,2.5279999999999996,0.008485281374238558,0.0009454545454545455,1.991718390927876e-05,220
2.75,0.0028284271247461298,0.20800000000000002,0.006572670690061995,2.542,0.007155417527999304,0.0009454545454545455,2.9875775863918157e-05,220
2.7640000000000002,0.008294576541331065,0.21800000000000003,0.0017888543819998333,2.5460000000000003,0.008485281374238549,0.0009909090909090911,8.131156281817424e-06,220
2.756,0.0021908902300206176,0.22199999999999998,0.007155417527999328,2.534,0.00748331477354787,0.001009090909090909,3.2524625127269674e-05,220
2.7619999999999996,0.0017888543819998732,0.22200000000000003,0.003346640106136305,2.5399999999999996,0.0037947331922020774,0.0010090909090909091,1.521200048243775e-05,220
2.7619999999999996,0.0017888543819998728,0.22400000000000003,0.002190890230020666,2.5379999999999994,0.0028284271247462174,0.0010181818181818183,9.958591954639391e-06,220
2.76,0.006928203230275515,0.21000000000000002,0.011661903789690602,2.55,0.013564659966250541,0.0009545454545454547,5.3008653589502735e-05,220
2.77,0.0,0.22200000000000003,0.005215361924162118,2.548,0.005215361924162118,0.0010090909090909091,2.3706190564373265e-05,220
2.768,0.004381780460041308,0.23199999999999998,0.0017888543819998281,2.5359999999999996,0.004732863826479672,0.0010545454545454545,8.1311562818174e-06,220
2.7759999999999994,0.0035777087639996667,0.23199999999999998,0.0033466401061363,2.5439999999999996,0.004898979485566357,0.0010545454545454545,1.5212000482437726e-05,220
2.778,0.006572670690061994,0.22199999999999998,0.009959919678390987,2.556,0.01193314711214104,0.001009090909090909,4.527236217450449e-05,220
2.784,0.002190890230020715,0.24,0.0028284271247461883,2.5439999999999996,0.003577708763999693,0.001090909090909091,1.2856486930664493e-05,220
2.784,0.0021908902300207147,0.244,0.002190890230020666,2.54,0.00309838667696597,0.001109090909090909,9.958591954639391e-06,220
2.784,0.005366563145999539,0.246,0.002190890230020666,2.538,0.005796550698475816,0.001118181818181818,9.958591954639391e-06,220
2.7939999999999996,0.0021908902300206176,0.248,0.003346640106136305,2.5459999999999994,0.003999999999999977,0.0011272727272727272,1.521200048243775e-05,220
2.7939999999999996,0.0021908902300206176,0.248,0.003346640106136305,2.5459999999999994,0.003999999999999977,0.0011272727272727272,1.521200048243775e-05,220
2.8000000000000003,0.0040000000000000036,0.242,0.0117983049630021,2.5580000000000003,0.01245792920191795,0.0011,5.3628658922736824e-05,220
2.7940000000000005,0.00536656314599946,0.252,0.003346640106136305,2.5420000000000007,0.00632455532033673,0.0011454545454545454,1.521200048243775e-05,220
2.8080000000000003,0.0017888543819998732,0.22999999999999998,0.01296148139681572,2.5780000000000003,0.013084341787036905,0.0010454545454545454,5.891582453098054e-05,220
2.8020000000000005,0.00954986910905069,0.248,0.008671793355471523,2.5540000000000003,0.012899612397277705,0.0011272727272727272,3.941724252487056e-05,220
2.814,0.0021908902300206176,0.264,0.0021908902300206666,2.55,0.0030983866769659016,0.0012000000000000001,9.958591954639393e-06,220
2.8,0.008944271909999205,0.266,0.0021908902300206666,2.534,0.009208691546577115,0.0012090909090909092,9.958591954639393e-06,220
2.816,0.0021908902300206176,0.258,0.0017888543819998333,2.558,0.002828427124746155,0.0011727272727272728,8.131156281817424e-06,220
2.822,0.0017888543819998732,0.25,0.01131370849898476,2.572,0.011454256850621089,0.0011363636363636363,5.1425947722658004e-05,220
2.822,0.0017888543819998732,0.278,0.005215361924162115,2.544,0.005513619500836098,0.0012636363636363637,2.3706190564373248e-05,220
2.8280000000000003,0.0017888543819998732,0.272,0.0017888543819998333,2.556,0.002529822128134734,0.0012363636363636364,8.131156281817424e-06,220
2.842,0.010733126291998999,0.278,0.0017888543819998333,2.564,0.010881176406988362,0.0012636363636363637,8.131156281817424e-06,220
2.83,0.0028284271247461922,0.278,0.004381780460041326,2.552,0.0052153619241621174,0.0012636363636363637,1.9917183909278756e-05,220
2.836,0.0021908902300206176,0.29,0.004898979485566351,2.546,0.005366563145999472,0.0013181818181818182,2.226808857075614e-05,220
2.84,0.0028284271247461922,0.276,0.006066300355241241,2.564,0.006693280212272606,0.0012545454545454546,2.7574092523823822e-05,220
2.8419999999999996,0.0017888543819998728,0.26,0.013266499161421598,2.582,0.013386560424545212,0.0011818181818181819,6.0302268915552715e-05,220
2.844,0.0021908902300207147,0.298,0.0059329587896765285,2.546,0.0063245553203367735,0.0013545454545454544,2.6967994498529674e-05,220
2.85,0.0,0.294,0.002190890230020666,2.556,0.002190890230020666,0.0013363636363636362,9.958591954639391e-06,220
2.8579999999999997,0.004381780460041332,0.3,0.006928203230275516,2.558,0.008197560612767685,0.0013636363636363635,3.149183286488871e-05,220
2.838,0.013084341787036935,0.29400000000000004,0.003577708763999658,2.544,0.013564659966250567,0.0013363636363636366,1.626231256363481e-05,220
2.824,0.014310835055998694,0.29600000000000004,0.0066932802122726025,2.5279999999999996,0.015798734126505235,0.0013454545454545457,3.0424000964875466e-05,220
2.8619999999999997,0.0017888543819998728,0.292,0.009549869109050656,2.57,0.009715966241192902,0.0013272727272727273,4.3408495950230253e-05,220
2.8619999999999997,0.0017888543819998732,0.304,0.0021908902300206666,2.558,0.002828427124746218,0.0013818181818181818,9.958591954639393e-06,220
2.868,0.0017888543819998732,0.304,0.002190890230020666,2.564,0.0028284271247462174,0.0013818181818181818,9.958591954639391e-06,220
2.8720000000000008,0.0017888543819997937,0.312,0.003346640106136305,2.560000000000001,0.0037947331922020397,0.0014181818181818182,1.521200048243775e-05,220
2.876,0.0021908902300206176,0.32,0.0,2.556,0.0021908902300206176,0.0014545454545454547,0.0,220
2.878,0.0017888543819997937,0.318,0.0017888543819998333,2.56,0.0025298221281346775,0.0014454545454545456,8.131156281817424e-06,220
2.876,0.0021908902300206176,0.32,0.00489897948556636,2.556,0.005366563145999479,0.0014545454545454547,2.2268088570756182e-05,220
2.872,0.007155417527999333,0.322,0.0017888543819998333,2.55,0.007375635565834316,0.0014636363636363636,8.131156281817424e-06,220
2.886,0.0021908902300207147,0.322,0.0017888543819998333,2.564,0.00282842712474623,0.0014636363636363636,8.131156281817424e-06,220
2.8880000000000003,0.0017888543819998732,0.322,0.003346640106136305,2.5660000000000003,0.0037947331922020774,0.0014636363636363636,1.521200048243775e-05,220
2.8920000000000003,0.0033466401061362943,0.33,0.0028284271247461922,2.5620000000000003,0.0043817804600413245,0.0015,1.285648693066451e-05,220
2.894,0.0021908902300206176,0.332,0.0017888543819998333,2.5620000000000003,0.002828427124746155,0.0015090909090909091,8.131156281817424e-06,220
2.884,0.006066300355241264,0.322,0.007155417527999333,2.562,0.009380831519646879,0.0014636363636363636,3.2524625127269694e-05,220
2.888,0.010733126291998999,0.336,0.002190890230020666,2.552,0.010954451150103331,0.0015272727272727274,9.958591954639391e-06,220
2.9,0.0,0.342,0.0033466401061362943,2.558,0.0033466401061362943,0.0015545454545454547,1.5212000482437701e-05,220
2.906,0.002190890230020715,0.332,0.007155417527999333,2.5740000000000003,0.007483314773547904,0.0015090909090909091,3.2524625127269694e-05,220
2.9080000000000004,0.0017888543819998732,0.342,0.0017888543819998231,2.5660000000000003,0.002529822128134727,0.0015545454545454547,8.131156281817378e-06,220
2.914,0.0021908902300206176,0.328,0.008671793355471528,2.5860000000000003,0.008944271909999154,0.001490909090909091,3.941724252487058e-05,220
2.896,0.014859340496805366,0.348,0.0017888543819998231,2.548,0.014966629547095763,0.0015818181818181816,8.131156281817378e-06,220
2.92,0.0028284271247461922,0.35,0.0,2.57,0.0028284271247461922,0.0015909090909090907,0.0,220
2.938,0.01073312629199901,0.34199999999999997,0.007155417527999322,2.596,0.012899612397277693,0.0015545454545454545,3.252462512726965e-05,220
2.9259999999999997,0.0021908902300207147,0.356,0.0021908902300206666,2.57,0.0030983866769659705,0.001618181818181818,9.958591954639393e-06,220
2.93,0.0028284271247461922,0.348,0.008671793355471517,2.5820000000000003,0.009121403400793102,0.0015818181818181816,3.941724252487053e-05,220
2.92,0.008944271909999205,0.366,0.0021908902300206666,2.554,0.009208691546577115,0.0016636363636363637,9.958591954639393e-06,220
2.946,0.0077974354758471595,0.352,0.007155417527999322,2.5940000000000003,0.010583005244258351,0.0015999999999999999,3.252462512726965e-05,220
2.94,0.0028284271247461922,0.348,0.008671793355471516,2.592,0.0091214034007931,0.0015818181818181816,3.9417242524870526e-05,220
2.942,0.0033466401061363156,0.374,0.002190890230020666,2.568,0.004000000000000012,0.0017,9.958591954639391e-06,220
2.946,0.002190890230020715,0.376,0.0021908902300206666,2.5700000000000003,0.003098386676965971,0.001709090909090909,9.958591954639393e-06,220
2.946,0.002190890230020715,0.376,0.002190890230020666,2.5700000000000003,0.0030983866769659705,0.001709090909090909,9.958591954639391e-06,220
2.9479999999999995,0.0017888543819998728,0.36800000000000005,0.006572670690061989,2.5799999999999996,0.0068117545463705674,0.001672727272727273,2.9875775863918133e-05,220
2.95,0.0028284271247461922,0.38,0.0,2.5700000000000003,0.0028284271247461922,0.0017272727272727272,0.0,220
2.9579999999999997,0.0017888543819997937,0.376,0.004560701700396556,2.582,0.004898979485566346,0.001709090909090909,2.0730462274529802e-05,220
2.9580000000000006,0.0017888543819997937,0.38,0.0028284271247461922,2.5780000000000007,0.0033466401061362835,0.0017272727272727272,1.285648693066451e-05,220
2.9679999999999995,0.012132600710482491,0.384,0.002190890230020666,2.5839999999999996,0.012328828005937964,0.0017454545454545455,9.958591954639391e-06,220
2.96,0.0,0.4,0.006928203230275506,2.56,0.006928203230275506,0.0018181818181818182,3.149183286488866e-05,220
2.9640000000000004,0.0035777087639996766,0.398,0.0017888543819998333,2.5660000000000003,0.004000000000000012,0.0018090909090909093,8.131156281817424e-06,220
2.978,0.009549869109050644,0.394,0.002190890230020666,2.584,0.0097979589711327,0.001790909090909091,9.958591954639391e-06,220
2.9780000000000006,0.007155417527999253,0.39799999999999996,0.003346640106136297,2.5800000000000005,0.00789936706325253,0.0018090909090909088,1.5212000482437713e-05,220
2.9880000000000004,0.00954986910905061,0.39399999999999996,0.0077974354758471726,2.5940000000000003,0.012328828005937917,0.0017909090909090908,3.5442888526578055e-05,220
2.976,0.0035777087639996667,0.402,0.0033466401061362943,2.574,0.004898979485566353,0.0018272727272727273,1.5212000482437701e-05,220
2.9780000000000006,0.006572670690061993,0.394,0.0077974354758471726,2.5840000000000005,0.01019803902718557,0.001790909090909091,3.5442888526578055e-05,220
2.9720000000000004,0.007694153624668564,0.40199999999999997,0.007155417527999322,2.5700000000000003,0.010507140429250973,0.001827272727272727,3.252462512726965e-05,220
2.9880000000000004,0.0017888543819998732,0.40800000000000003,0.0017888543819998236,2.5800000000000005,0.002529822128134727,0.0018545454545454546,8.13115628181738e-06,220
